OPM SERIES NUMBER,OPM SERIES TITLE ,SUPERVISORY FEDERAL SECTOR JOB GROUP,NON-SUPERVISORY FEDERAL SECTOR JOB GROUP,2010 SOC CODE,2010 SOC CODE TEXT,2010 EEO TABULATION (CENSUS) CODE,2010 EEO TABULATION (CENSUS) OCCUPATION TITLE
342,SUPPORT SERVICES ADMINISTRATION ,1,2*,11-Nov,11-3011,100,ADMINISTRATIVE SERVICES MANAGERS
1152,PRODUCTION CONTROL ,1,5,Nov-51,11-3051,140,INDUSTRIAL PRODUCTION MANAGERS
201,HUMAN RESOURCES MANAGEMENT ,1,2,21-Nov,11-3121,136,HUMAN RESOURCES MANAGERS
670,HEALTH SYSTEM ADMINISTRATION,1,2*,11-Nov,11-9111,350,MEDICAL & HEALTH SERVICES MANAGEMENT 
1103,INDUSTRIAL PROPERTY MANAGEMENT ,1,2,Nov-41,11-9141,410,"PROPERTY, REAL ESTATE, & COMMUNITY ASSOCIATION MANAGERS"
1173,HOUSING MANAGEMENT,1,2,Nov-41,11-9141,410,"PROPERTY, REAL ESTATE, & COMMUNITY ASSOCIATION MANAGERS"
1176,BUILDING MANAGEMENT,1,2,Nov-41,11-9141,410,"PROPERTY, REAL ESTATE, & COMMUNITY ASSOCIATION MANAGERS"
89,EMERGENCY MANAGEMENT,1,2,Nov-61,11-9161,425,EMERGENCY MANAGEMENT DIRECTORS
1102,CONTRACTING,1,2,13-1023,13-1023,530,"PURCHASING AGENTS, EXCEPT WHOLESALE, RETAIL, & FARM PRODUCTS"
1105,PURCHASING ,1,2,13-1023,13-1023,530,"PURCHASING AGENTS, EXCEPT WHOLESALE, RETAIL, & FARM PRODUCTS"
105,SOCIAL INSURANCE ADMINISTRATION ,1,2,13-1030,13-1030,540,"CLAIMS ADJUSTERS, APPRAISERS, EXAMINERS, & INVESTIGATORS"
991,WORKERS' COMPENSATION CLAIMS EXAMINING,1,2,13-1030,13-1030,540,"CLAIMS ADJUSTERS, APPRAISERS, EXAMINERS, & INVESTIGATORS"
993,RAILROAD RETIREMENT CLAIMS EXAMINING ,1,2,13-1030,13-1030,540,"CLAIMS ADJUSTERS, APPRAISERS, EXAMINERS, & INVESTIGATORS"
996,VETERANS CLAIMS EXAMINING,1,2,13-1030,13-1030,540,"CLAIMS ADJUSTERS, APPRAISERS, EXAMINERS, & INVESTIGATORS"
2135,TRANSPORTATION LOSS & DAMAGE CLAIMS EXAMINING (Series Discontinued),1,2,13-1030,13-1030,540,"CLAIMS ADJUSTERS, APPRAISERS, EXAMINERS, & INVESTIGATORS"
244,LABOR-MANAGEMENT RELATIONS EXAMINING ,1,2,13-1041,13-1041,565,COMPLIANCE OFFICERS
249,WAGE & HOUR COMPLIANCE,1,2,13-1041,13-1041,565,COMPLIANCE OFFICERS
260,EQUAL EMPLOYMENT OPPORTUNITY,1,2,13-1041,13-1041,565,COMPLIANCE OFFICERS
360,EQUAL OPPORTUNITY COMPLIANCE,1,2,13-1041,13-1041,565,COMPLIANCE OFFICERS
967,PASSPORT & VISA EXAMINING,1,2,13-1041,13-1041,565,COMPLIANCE OFFICERS
1801,"GENERAL INSPECTION, INVESTIGATION, ENFORCEMENT, & COMPLIANCE",1,2,13-1041,13-1041,565,COMPLIANCE OFFICERS
1802,COMPLIANCE INSPECTION & SUPPORT,1,2,13-1041,13-1041,565,COMPLIANCE OFFICERS
1815,AIR SAFETY INVESTIGATING ,1,3*,13-1041,13-1041,565,COMPLIANCE OFFICERS
1822,MINE SAFETY & HEALTH INSPECTION,1,3,13-1041,13-1041,565,COMPLIANCE OFFICERS
1849,WAGE & HOUR INVESTIGATION,1,2,13-1041,13-1041,565,COMPLIANCE OFFICERS
1860,EQUAL OPPORTUNITY INVESTIGATION,1,2,13-1041,13-1041,565,COMPLIANCE OFFICERS
1862,CONSUMER SAFETY INSPECTION  ,1,2,13-1041,13-1041,565,COMPLIANCE OFFICERS
1889,IMPORT COMPLIANCE,1,2,13-1041,13-1041,565,COMPLIANCE OFFICERS
1895,CUSTOMS & BORDER PROTECTION,1,2,13-1041,13-1041,565,COMPLIANCE OFFICERS
1899,INVESTIGATION STUDENT TRAINEE,1,5,13-1041,13-1041,565,COMPLIANCE OFFICERS
2121,RAILROAD SAFETY ,1,7,13-1041,13-1041,565,COMPLIANCE OFFICERS
2123,MOTOR CARRIER SAFETY,1,7,13-1041,13-1041,565,COMPLIANCE OFFICERS
2125,HIGHWAY SAFETY,1,7,13-1041,13-1041,565,COMPLIANCE OFFICERS
142,WORKFORCE DEVELOPMENT,1,2,13-1070,13-1070,630,HUMAN RESOURCES WORKERS
243,APPRENTICESHIP & TRAINING ,1,2,13-1070,13-1070,630,HUMAN RESOURCES WORKERS
299,HUMAN RESOURCES MANAGEMENT STUDENT TRAINEE,1,5*,13-1070,13-1070,630,HUMAN RESOURCES WORKERS
346,LOGISTICS MANAGEMENT ,1,2,13-1081,13-1081,700,LOGISTICIANS
2003,SUPPLY PROGRAM MANAGEMENT,1,2,13-1081,13-1081,700,LOGISTICIANS
2010,INVENTORY MANAGEMENT ,1,2,13-1081,13-1081,700,LOGISTICIANS
107,HEALTH INSURANCE ADMINISTRATION,1,2,13-1111,13-1111,710,MANAGEMENT ANALYSTS
343,MANAGEMENT & PROGRAM ANALYSIS,1,2,13-1111,13-1111,710,MANAGEMENT ANALYSTS
347,GAO EVALUATOR,1,2,13-1111,13-1111,710,MANAGEMENT ANALYSTS
671,HEALTH SYSTEM SPECIALIST,1,2,13-1111,13-1111,710,MANAGEMENT ANALYSTS
2110,TRANSPORTATION INDUSTRY ANALYSIS,1,2,13-1111,13-1111,710,MANAGEMENT ANALYSTS
135,FOREIGN AGRICULTURAL AFFAIRS,1,2,13-1161#,13-1161,0735#,MARKET RESEARCH ANALYSTS AND MARKETING SPECIALISTS#
106,UNEMPLOYMENT INSURANCE ,1,2,13-1199,13-1199,740,"BUSINESS OPERATIONS SPECIALISTS, ALL OTHER"
306,GOVERNMENT INFORMATION,1,2,13-1199,13-1199,740,"BUSINESS OPERATIONS SPECIALISTS, ALL OTHER"
308,RECORDS AND INFORMATION MANAGEMENT,1,2,13-1199,13-1199,740,"BUSINESS OPERATIONS SPECIALISTS, ALL OTHER"
340,PROGRAM MANAGEMENT ,1,2,13-1199,13-1199,740,"BUSINESS OPERATIONS SPECIALISTS, ALL OTHER"
341,ADMINISTRATIVE OFFICER ,1,2,13-1199,13-1199,740,"BUSINESS OPERATIONS SPECIALISTS, ALL OTHER"
828,CONSTRUCTION ANALYST ,1,2*,13-1199,13-1199,740,"BUSINESS OPERATIONS SPECIALISTS, ALL OTHER#"
1101,GENERAL BUSINESS & INDUSTRY,1,2,13-1199,13-1199,740,"BUSINESS OPERATIONS SPECIALISTS, ALL OTHER"
1104,PROPERTY DISPOSAL,1,2,13-1199,13-1199,740,"BUSINESS OPERATIONS SPECIALISTS, ALL OTHER"
1109,GRANTS MANAGEMENT,1,2,13-1199,13-1199,740,"BUSINESS OPERATIONS SPECIALISTS, ALL OTHER"
1130,PUBLIC UTILITIES SPECIALIST,1,2,13-1199,13-1199,740,"BUSINESS OPERATIONS SPECIALISTS, ALL OTHER"
1140,TRADE SPECIALIST,1,2,13-1199,13-1199,740,"BUSINESS OPERATIONS SPECIALISTS, ALL OTHER"
1144,COMMISSARY MANAGEMENT ,1,2,13-1199,13-1199,740,"BUSINESS OPERATIONS SPECIALISTS, ALL OTHER"
1145,AGRICULTURAL PROGRAM SPECIALIST,1,2,13-1199,13-1199,740,"BUSINESS OPERATIONS SPECIALISTS, ALL OTHER"
1150,INDUSTRIAL SPECIALIST,1,2,13-1199,13-1199,740,"BUSINESS OPERATIONS SPECIALISTS, ALL OTHER#"
1199,BUSINESS & INDUSTRY STUDENT TRAINEE,1,5*,13-1199,13-1199,740,"BUSINESS OPERATIONS SPECIALISTS, ALL OTHER"
1601,"EQUIPMENT, FACILITIES, & SERVICES",1,2,13-1199,13-1199,740,"BUSINESS OPERATIONS SPECIALISTS, ALL OTHER"
1630,CEMETERY ADMINISTRATION SERVICES,1,2,13-1199,13-1199,740,"BUSINESS OPERATIONS SPECIALISTS, ALL OTHER"
1640,FACILITY OPERATIONS,1,2,13-1199,13-1199,740,"BUSINESS OPERATIONS SPECIALISTS, ALL OTHER"
1670,EQUIPMENT SERVICES ,1,2,13-1199,13-1199,740,"BUSINESS OPERATIONS SPECIALISTS, ALL OTHER"
1699,"EQUIPMENT, FACILITIES, & SERVICES STUDENT TRAINEE",1,5*,13-1199,13-1199,740,"BUSINESS OPERATIONS SPECIALISTS, ALL OTHER#"
1910,QUALITY ASSURANCE ,1,2,13-1199,13-1199,740,"BUSINESS OPERATIONS SPECIALISTS, ALL OTHER#"
2001,GENERAL SUPPLY,1,2,13-1199,13-1199,740,"BUSINESS OPERATIONS SPECIALISTS, ALL OTHER#"
2030,DISTRIBUTION FACILITIES & STORAGE MANAGEMENT,1,2,13-1199,13-1199,740,"BUSINESS OPERATIONS SPECIALISTS, ALL OTHER#"
2032,PACKAGING,1,2,13-1199,13-1199,740,"BUSINESS OPERATIONS SPECIALISTS, ALL OTHER#"
2099,SUPPLY STUDENT TRAINEE,1,5*,13-1199,13-1199,740,"BUSINESS OPERATIONS SPECIALISTS, ALL OTHER#"
2101,TRANSPORTATION SPECIALIST,1,2,13-1199,13-1199,740,"BUSINESS OPERATIONS SPECIALISTS, ALL OTHER#"
2130,TRAFFIC MANAGEMENT,1,2,13-1199,13-1199,740,"BUSINESS OPERATIONS SPECIALISTS, ALL OTHER#"
2150,TRANSPORTATION OPERATIONS,1,2,13-1199,13-1199,740,"BUSINESS OPERATIONS SPECIALISTS, ALL OTHER#"
2186,TECHNICAL SYSTEMS PROGRAM MANAGERS,1,2,13-1199,13-1199,740,"BUSINESS OPERATIONS SPECIALISTS, ALL OTHER#"
80,SECURITY ADMINISTRATION,1,2,13-1199#,13-1199,740,"BUSINESS OPERATIONS SPECIALISTS, ALL OTHER"
301,MISCELLANEOUS ADMINISTRATION & PROGRAM,1,2,13-1199#,13-1199,740,"BUSINESS OPERATIONS SPECIALISTS, ALL OTHER"
510,ACCOUNTING ,1,2,13-2011,13-2011,800,ACCOUNTANTS & AUDITORS
511,AUDITING ,1,2,13-2011,13-2011,800,ACCOUNTANTS & AUDITORS
1171,APPRAISING ,1,2,13-2021,13-2021,810,APPRAISERS & ASSESSORS OF REAL ESTATE
560,BUDGET ANALYSIS ,1,2,13-2031,13-2031,820,BUDGET ANALYSTS
1160,FINANCIAL ANALYSIS,1,2,13-2051,13-2051,840,FINANCIAL ANALYSTS
570,FINANCIAL INSTITUTION EXAMINING,1,2,13-2061,13-2061,900,FINANCIAL EXAMINERS
580,CREDIT UNION EXAMINER,1,2,13-2061,13-2061,0900#,FINANCIAL EXAMINERS
1831,SECURITIES COMPLIANCE EXAMINING,1,2,13-2061,13-2061,900,FINANCIAL EXAMINERS
1165,LOAN SPECIALIST ,1,2,13-2070,13-2070,910,CREDIT COUNSELORS & LOAN OFFICERS
512,INTERNAL REVENUE AGENT ,1,2,13-2081,13-2081,930,"TAX EXAMINERS & COLLECTORS, & REVENUE AGENTS"
526,TAX SPECIALIST,1,2,13-2081,13-2081,930,"TAX EXAMINERS & COLLECTORS, & REVENUE AGENTS"
592,TAX EXAMINING,1,2,13-2081,13-2081,930,"TAX EXAMINERS & COLLECTORS, & REVENUE AGENTS"
1169,INTERNAL REVENUE OFFICER,1,2,13-2081,13-2081,930,"TAX EXAMINERS & COLLECTORS, & REVENUE AGENTS"
1894,CUSTOMS ENTRY & LIQUIDATING ,1,2,13-2081,13-2081,930,"TAX EXAMINERS & COLLECTORS, & REVENUE AGENTS"
501,FINANCIAL ADMINISTRATION & PROGRAM,1,2,13-2099,13-2099,950,"FINANCIAL SPECIALISTS, ALL OTHER"
505,FINANCIAL MANAGEMENT,1,2,13-2099,13-2099,950,"FINANCIAL SPECIALISTS, ALL OTHER"
599,FINANCIAL MANAGEMENT STUDENT TRAINEE ,1,5*,13-2099,13-2099,950,"FINANCIAL SPECIALISTS, ALL OTHER"
1163,INSURANCE EXAMINING ,1,2,13-2099,13-2099,950,"FINANCIAL SPECIALISTS, ALL OTHER"
1550,COMPUTER SCIENCE,1,2,15-1111#,15-1111,1005,COMPUTER & INFORMATION RESEARCH SCIENTISTS
2210,INFORMATION TECHNOLOGY MANAGEMENT,1,2,15-1150,15-1150,1050,COMPUTER SUPPORT SPECIALISTS
2299,INFORMATION TECHNOLOGY TRAINEE,1,5*,15-1150,15-1150,1050,COMPUTER SUPPORT SPECIALISTS#
1510,ACTUARIAL SCIENCE,1,2,15-2011,15-2011,1200,ACTUARIES
1515,OPERATIONS RESEARCH,1,2,15-2031,15-2031,1220,OPERATIONS RESEARCH ANALYSTS
807,LANDSCAPE ARCHITECTURE ,1,2,17-1010,17-1010,1300,ARCHITECTS
808,ARCHITECTURE,1,2,17-1010,17-1010,1300,ARCHITECTS
1370,CARTOGRAPHY ,1,2,17-1020,17-1020,1310,"SURVEYORS, CARTOGRAPHERS, & PHOTOGRAMMETRISTS"
1372,GEODESY ,1,2,17-1020,17-1020,1310,"SURVEYORS, CARTOGRAPHERS, & PHOTOGRAMMETRISTS"
1373,LAND SURVEYING ,1,2,17-1020,17-1020,1310,"SURVEYORS, CARTOGRAPHERS, & PHOTOGRAMMETRISTS"
861,AEROSPACE ENGINEERING  ,1,2,17-2011,17-2011,1320,AEROSPACE ENGINEERS
893,CHEMICAL ENGINEERING,1,2,17-2041,17-2041,1350,CHEMICAL ENGINEERS
810,CIVIL ENGINEERING,1,2,17-2051,17-2051,1360,CIVIL ENGINEERS
854,COMPUTER ENGINEERING,1,2,17-2061,17-2061,1400,COMPUTER HARDWARE ENGINEERS
850,ELECTRICAL ENGINEERING,1,2,17-2070,17-2070,1410,ELECTRICAL & ELECTRONIC ENGINEERS
855,ELECTRONICS ENGINEERING,1,2,17-2070,17-2070,1410,ELECTRICAL & ELECTRONIC ENGINEERS
819,ENVIRONMENTAL ENGINEERING,1,2,17-2081,17-2081,1420,ENVIRONMENTAL ENGINEERS
803,SAFETY ENGINEERING ,1,2,17-2110,17-2110,1430,"INDUSTRIAL ENGINEERS, INCLUDING HEALTH & SAFETY"
804,FIRE PROTECTION ENGINEERING,1,2,17-2110,17-2110,1430,"INDUSTRIAL ENGINEERS, INCLUDING HEALTH & SAFETY"
896,INDUSTRIAL ENGINEERING ,1,2,17-2110,17-2110,1430,"INDUSTRIAL ENGINEERS, INCLUDING HEALTH & SAFETY"
871,NAVAL ARCHITECTURE,1,2,17-2121,17-2121,1440,MARINE ENGINEERS & NAVAL ARCHITECTS
873,MARINE SURVEY TECHNICAL,1,2,17-2121,17-2121,1440,MARINE ENGINEERS & NAVAL ARCHITECTS
806,MATERIALS ENGINEERING ,1,2,17-2131,17-2131,1450,MATERIALS ENGINEERS
1380,FOREST PRODUCTS TECHNOLOGY,1,2,17-2131,17-2131,1450,MATERIALS ENGINEERS
830,MECHANICAL ENGINEERING ,1,2,17-2141,17-2141,1460,MECHANICAL ENGINEERS
1021,OFFICE DRAFTING (Series Discontinued),1,5*,17-3010,17-3010,1540,DRAFTERS
802,ENGINEERING TECHNICAL,1,3,17-3020,17-3020,1550,"ENGINEERING TECHNICIANS, EXCEPT DRAFTERS"
856,ELECTRONICS TECHNICAL,1,3,17-3020,17-3020,1550,"ENGINEERING TECHNICIANS, EXCEPT DRAFTERS"
895,INDUSTRIAL ENGINEERING TECHNICAL,1,3,17-3020,17-3020,1550,"ENGINEERING TECHNICIANS, EXCEPT DRAFTERS"
3314,INSTRUMENT MAKING,1,3*,17-3020,17-3020,1550,"ENGINEERING TECHNICIANS, EXCEPT DRAFTERS"
817,SURVEY TECHNICAL,1,3,17-3031,17-3031,1560,SURVEYING & MAPPING TECHNICIANS
1361,NAVIGATIONAL INFORMATION ,1,3*,17-3031,17-3031,1560,SURVEYING & MAPPING TECHNICIANS
1371,CARTOGRAPHIC TECHNICIAN,1,3,17-3031,17-3031,1560,SURVEYING & MAPPING TECHNICIANS
1374,GEODETIC TECHNICIAN ,1,3,17-3031,17-3031,1560,SURVEYING & MAPPING TECHNICIANS
430,BOTANY,1,2,19-1010,19-1010,1600,AGRICULTURAL & FOOD SCIENTISTS
434,PLANT PATHOLOGY,1,2,19-1010,19-1010,1600,AGRICULTURAL & FOOD SCIENTISTS
435,PLANT PHYSIOLOGY,1,2,19-1010,19-1010,1600,AGRICULTURAL & FOOD SCIENTISTS
437,HORTICULTURE,1,2,19-1010,19-1010,1600,AGRICULTURAL & FOOD SCIENTISTS
470,SOIL SCIENCE,1,2,19-1010,19-1010,1600,AGRICULTURAL & FOOD SCIENTISTS
471,AGRONOMY,1,2,19-1010,19-1010,1600,AGRICULTURAL & FOOD SCIENTISTS
487,ANIMAL SCIENCE,1,2,19-1010,19-1010,1600,AGRICULTURAL & FOOD SCIENTISTS
1382,FOOD TECHNOLOGY ,1,2,19-1010,19-1010,1600,AGRICULTURAL & FOOD SCIENTISTS
401,GENERAL NATURAL RESOURCES MANAGEMENT AND BIOLOGICAL SCIENCES,1,2,19-1020,19-1020,1610,BIOLOGICAL SCIENTISTS
403,MICROBIOLOGY,1,2,19-1020,19-1020,1610,BIOLOGICAL SCIENTISTS
410,ZOOLOGY,1,2,19-1020,19-1020,1610,BIOLOGICAL SCIENTISTS
414,ENTOMOLOGY,1,2,19-1020,19-1020,1610,BIOLOGICAL SCIENTISTS
440,GENETICS,1,2,19-1020,19-1020,1610,BIOLOGICAL SCIENTISTS
482,FISH BIOLOGY,1,2,19-1020,19-1020,1610,BIOLOGICAL SCIENTISTS
486,WILDLIFE BIOLOGY,1,2,19-1020,19-1020,1610,BIOLOGICAL SCIENTISTS
499,BIOLOGICAL SCIENCE STUDENT TRAINEE,1,3*,19-1020,19-1020,1610,BIOLOGICAL SCIENTISTS
408,ECOLOGY,1,2,19-1030,19-1030,1640,CONSERVATION SCIENTISTS & FORESTERS
454,RANGELAND MANAGEMENT,1,2,19-1030,19-1030,1640,CONSERVATION SCIENTISTS & FORESTERS
457,SOIL CONSERVATION ,1,2,19-1030,19-1030,1640,CONSERVATION SCIENTISTS & FORESTERS
460,FORESTRY ,1,2,19-1030,19-1030,1640,CONSERVATION SCIENTISTS & FORESTERS
480,FISH & WILDLIFE ADMINISTRATION,1,2,19-1030#,19-1030,1640,CONSERVATION SCIENTISTS & FORESTERS
485,WILDLIFE REFUGE MANAGEMENT,1,2,19-1030#,19-1030,1640,CONSERVATION SCIENTISTS & FORESTERS
1306,HEALTH PHYSICS ,1,2,19-2010,19-2010,1700,ASTRONOMERS & PHYSICISTS
1310,PHYSICS,1,2,19-2010,19-2010,1700,ASTRONOMERS & PHYSICISTS
1330,ASTRONOMY & SPACE SCIENCE,1,2,19-2010,19-2010,1700,ASTRONOMERS & PHYSICISTS
1340,METEOROLOGY,1,2,19-2021,19-2021,1710,ATMOSPHERIC & SPACE SCIENTISTS
1320,CHEMISTRY ,1,2,19-2030,19-2030,1720,CHEMISTS & MATERIALS SCIENTISTS
1321,METALLURGY,1,2,19-2030,19-2030,1720,CHEMISTS & MATERIALS SCIENTISTS
28,ENVIRONMENTAL PROTECTION SPECIALIST ,1,2,19-2040,19-2040,1740,ENVIRONMENTAL SCIENTISTS & GEOSCIENTISTS
1313,GEOPHYSICS,1,2,19-2040,19-2040,1740,ENVIRONMENTAL SCIENTISTS & GEOSCIENTISTS
1315,HYDROLOGY ,1,2,19-2040,19-2040,1740,ENVIRONMENTAL SCIENTISTS & GEOSCIENTISTS
1350,GEOLOGY ,1,2,19-2040,19-2040,1740,ENVIRONMENTAL SCIENTISTS & GEOSCIENTISTS
1360,OCEANOGRAPHY ,1,2,19-2040,19-2040,1740,ENVIRONMENTAL SCIENTISTS & GEOSCIENTISTS
1301,GENERAL PHYSICAL SCIENCE,1,2,19-2099,19-2099,1760,"PHYSICAL SCIENTISTS, ALL OTHER"
1384,TEXTILE TECHNOLOGY ,1,2,19-2099,19-2099,1760,"PHYSICAL SCIENTISTS, ALL OTHER"
1386,PHOTOGRAPHIC TECHNOLOGY (Series Discontinued),1,2,19-2099,19-2099,1760,"PHYSICAL SCIENTISTS, ALL OTHER"
1398,PHYSICAL SCIENCE TRAINEE,1,3*,19-2099,19-2099,1760,"PHYSICAL SCIENTISTS, ALL OTHER"
1399,PHYSICAL SCIENCE STUDENT TRAINEE,1,3*,19-2099,19-2099,1760,"PHYSICAL SCIENTISTS, ALL OTHER"
110,ECONOMIST,1,2,19-3011,19-3011,1800,ECONOMISTS
180,PSYCHOLOGY ,1,2,19-3030,19-3030,1820,PSYCHOLOGISTS
20,COMMUNITY PLANNING,1,2,19-3051,19-3051,1840,URBAN & REGIONAL PLANNERS
404,BIOLOGICAL SCIENCE TECHNICIAN,1,3,19-4021,19-4021,1910,BIOLOGICAL TECHNICIANS
421,PLANT PROTECTION TECHNICIAN ,1,3,19-4021,19-4021,1910,BIOLOGICAL TECHNICIANS
458,SOIL CONSERVATION TECHNICIAN,1,3,19-4021,19-4021,1910,BIOLOGICAL TECHNICIANS
455,RANGE TECHNICIAN,1,3,19-4021#,19-4021,1910,BIOLOGICAL TECHNICIANS
1740,EDUCATIONAL SERVICES ,1,2,21-1010,21-1010,2000,COUNSELORS
185,SOCIAL WORK,1,2,21-1020,21-1020,2010,SOCIAL WORKERS
60,CHAPLAIN,1,2,21-2011,21-2011,2040,CLERGY
950,PARALEGAL SPECIALIST,1,5,23-2011,23-2011,2145,PARALEGALS & LEGAL ASSISTANTS
987,TAX LAW SPECIALIST ,1,5,23-2011,23-2011,2145,PARALEGALS & LEGAL ASSISTANTS
95,FOREIGN LAW SPECIALIST ,1,2*,23-2090,23-2090,2160,MISCELLANEOUS LEGAL SUPPORT WORKERS
319,CLOSED MICROPHONE REPORTER,1,5,23-2090,23-2090,2160,MISCELLANEOUS LEGAL SUPPORT WORKERS
901,GENERAL LEGAL & KINDRED ADMINISTRATION,1,5,23-2090,23-2090,2160,MISCELLANEOUS LEGAL SUPPORT WORKERS
958,EMPLOYEE BENEFITS LAW,1,5,23-2090,23-2090,2160,MISCELLANEOUS LEGAL SUPPORT WORKERS
963,LEGAL INSTRUMENTS EXAMINING,1,5,23-2090,23-2090,2160,MISCELLANEOUS LEGAL SUPPORT WORKERS
965,LAND LAW EXAMINING,1,5,23-2090,23-2090,2160,MISCELLANEOUS LEGAL SUPPORT WORKERS
986,LEGAL ASSISTANCE,1,5,23-2090,23-2090,2160,MISCELLANEOUS LEGAL SUPPORT WORKERS
999,LEGAL OCCUPATIONS STUDENT TRAINEE,1,5,23-2090,23-2090,2160,MISCELLANEOUS LEGAL SUPPORT WORKERS
1202,PATENT TECHNICIAN ,1,5,23-2090,23-2090,2160,MISCELLANEOUS LEGAL SUPPORT WORKERS
1210,COPYRIGHT ,1,5,23-2090,23-2090,2160,MISCELLANEOUS LEGAL SUPPORT WORKERS
1220,PATENT ADMINISTRATION ,1,5,23-2090,23-2090,2160,MISCELLANEOUS LEGAL SUPPORT WORKERS
1221,PATENT ADVISER ,1,5,23-2090,23-2090,2160,MISCELLANEOUS LEGAL SUPPORT WORKERS
1223,PATENT CLASSIFYING ,1,5,23-2090,23-2090,2160,MISCELLANEOUS LEGAL SUPPORT WORKERS
1224,PATENT EXAMINING ,1,5,23-2090,23-2090,2160,MISCELLANEOUS LEGAL SUPPORT WORKERS
1226,DESIGN PATTERN EXAMINING ,1,5,23-2090,23-2090,2160,MISCELLANEOUS LEGAL SUPPORT WORKERS
1299,COPYRIGHT & PATENT STUDENT TRAINEE,1,5,23-2090,23-2090,2160,MISCELLANEOUS LEGAL SUPPORT WORKERS
1701,GENERAL EDUCATION & TRAINING,1,2,25-3000,25-3000,2340,OTHER TEACHERS & INSTRUCTORS
1703,EDUCATION SPECIALIST,1,2**,25-3000,25-3000,2340,OTHER TEACHERS & INSTRUCTORS
1710,EDUCATION & VOCATIONAL TRAINING,1,2,25-3000,25-3000,2340,OTHER TEACHERS & INSTRUCTORS
1712,TRAINING INSTRUCTION,1,2,25-3000,25-3000,2340,OTHER TEACHERS & INSTRUCTORS
1715,VOCATIONAL REHABILITATION,1,2,25-3000,25-3000,2340,OTHER TEACHERS & INSTRUCTORS
1799,EDUCATION STUDENT TRAINEE,1,5*,25-3000,25-3000,2340,OTHER TEACHERS & INSTRUCTORS
1015,MUSEUM CURATOR ,1,2,25-4010,25-4010,2400,"ARCHIVISTS, CURATORS & MUSEUM TECHNICIANS"
1016,MUSEUM SPECIALIST & TECHNICIAN ,1,2,25-4010,25-4010,2400,"ARCHIVISTS, CURATORS & MUSEUM TECHNICIANS"
1420,ARCHIVIST ,1,2,25-4010,25-4010,2400,"ARCHIVISTS, CURATORS & MUSEUM TECHNICIANS"
1421,ARCHIVES TECHNICIAN,1,5*,25-4010,25-4010,2400,"ARCHIVISTS, CURATORS & MUSEUM TECHNICIANS"
1410,LIBRARIAN,1,2,25-4021,25-4021,2430,LIBRARIANS
1411,LIBRARY TECHNICIAN ,1,5*,25-4031,25-4031,2440,LIBRARY TECHNICIANS
1412,TECHNICIAN INFORMATION SERVICES,1,5*,25-4031,25-4031,2440,LIBRARY TECHNICIANS
1001,GENERAL ARTS & INFORMATION,1,2,27-1010,27-1010,2600,ARTISTS & RELATED WORKERS
1002,ARTS & INFORMATION SUPPORT,1,3**,27-1010,27-1010,2600,ARTISTS & RELATED WORKERS
1020,ILLUSTRATING ,1,2,27-1010,27-1010,2600,ARTISTS & RELATED WORKERS
1056,ART SPECIALIST,1,2,27-1010,27-1010,2600,ARTISTS & RELATED WORKERS
1099,INFORMATION & ARTS STUDENT TRAINEE,1,5*,27-1010,27-1010,2600,ARTISTS & RELATED WORKERS
62,CLOTHING DESIGN ,1,2,27-1020,27-1020,2630,DESIGNERS
1008,INTERIOR DESIGN ,1,2,27-1020,27-1020,2630,DESIGNERS
1010,EXHIBITS SPECIALIST,1,2,27-1020,27-1020,2630,DESIGNERS
1084,VISUAL INFORMATION ,1,2,27-1020#,27-1020,2630,DESIGNERS
1054,THEATER SPECIALIST,1,2,27-2012,27-2012,2710,PRODUCERS & DIRECTORS
1071,AUDIOVISUAL PRODUCTION,1,2,27-2012,27-2012,2710,PRODUCERS & DIRECTORS
30,SPORTS SPECIALIST,1,2,27-2020,27-2020,2720,"ATHLETES, COACHES, UMPIRES, & RELATED WORKERS"
1051,MUSIC SPECIALIST ,1,2,27-2040,27-2040,2750,"MUSICIANS, SINGERS & RELATED WORKERS"
1035,PUBLIC AFFAIRS,1,2,27-3031,27-3031,2825,PUBLIC RELATIONS SPECIALISTS
1083,TECHNICAL WRITING & EDITING ,1,2,27-3042,27-3042,2840,TECHNICAL WRITERS
1082,WRITING & EDITING ,1,2,27-3043,27-3043,2850,WRITERS & AUTHORS
1040,LANGUAGE SPECIALIST ,1,2,27-3090,27-3090,2860,MISCELLANEOUS MEDIA & COMMUNICATIONS WORKERS
1060,PHOTOGRAPHY ,1,2,27-4021,27-4021,2910,PHOTOGRAPHERS
680,DENTISTRY,1,2,29-1020,29-1020,3010,DENTISTS
630,DIETETICS & NUTRITION,1,2,29-1031,29-1031,3030,DIETICIANS & NUTRITIONISTS
662,OPTOMETRY,1,2,29-1041,29-1041,3040,OPTOMETRISTS
660,PHARMACY,1,2,29-1051,29-1051,3050,PHARMACISTS
602,PHYSICIAN,1,2,29-1060,29-1060,3060,PHYSICIANS & SURGEONS
603,PHYSICIAN'S ASSISTANT ,1,2,29-1071,29-1071,3110,PHYSICIAN ASSISTANTS
668,PODIATRY,1,2,29-1081,29-1081,3120,PODIATRISTS
631,OCCUPATIONAL THERAPY,1,2,29-1122,29-1122,3150,OCCUPATIONAL THERAPISTS
633,PHYSICAL THERAPY,1,2,29-1123,29-1123,3160,PHYSICAL THERAPISTS
638,RECREATIONAL/CREATIVE ARTS THERAPY,1,2,29-1125,29-1125,3210,RECREATIONAL THERAPISTS
651,RESPIRATORY THERAPIST,1,2,29-1126,29-1126,3220,RESPIRATORY THERAPISTS
665,SPEECH/LANGUAGE PATHOLOGY & AUDIOLOGY ,1,2,29-1127#,29-1127,3230#,SPEECH-LANGUAGE PATHOLOGISTS#
701,VETERINARY MEDICAL SCIENCE ,1,2,29-1131,29-1131,3250,VETERINARIANS
799,VETERINARY STUDENT TRAINEE,1,2,29-1131,29-1131,3250,VETERINARIANS
610,NURSING,1,2,29-1141,29-1141,3255,REGISTERED NURSES
601,GENERAL MEDICAL AND HEALTHCARE,1,2,29-1199,29-1199,3260,"HEALTH DIAGNOSING & TREATING PRACTITIONERS, ALL OTHER"
644,CLINICAL LABORATORY SCIENCE,1,2*,29-2010,29-2010,3300,CLINICAL LABORATORY TECHNOLOGISTS & TECHNICIANS
645,MEDICAL TECHNICIAN,1,3,29-2010,29-2010,3300,CLINICAL LABORATORY TECHNOLOGISTS & TECHNICIANS
646,PATHOLOGY TECHNICIAN ,1,3,29-2010,29-2010,3300,CLINICAL LABORATORY TECHNOLOGISTS & TECHNICIANS
682,DENTAL HYGIENE,1,3,29-2021,29-2021,3310,DENTAL HYGIENISTS
642,NUCLEAR MEDICINE TECHNICIAN,1,3,29-2030,29-2030,3320,DIAGNOSTIC RELATED TECHNOLOGISTS & TECHNICIANS
647,DIAGNOSTIC RADIOLOGIC TECHNOLOGIST,1,3,29-2030,29-2030,3320,DIAGNOSTIC RELATED TECHNOLOGISTS & TECHNICIANS
648,THERAPEUTIC RADIOLOGIC TECHNOLOGIST,1,3,29-2030,29-2030,3320,DIAGNOSTIC RELATED TECHNOLOGISTS & TECHNICIANS
661,PHARMACY TECHNICIAN,1,3,29-2050,29-2050,3420#,HEALTH PRACTITIONER SUPPORT TECHNOLOGISTS AND TECHNICIANS#
620,PRACTICAL NURSE,1,3,29-2061,29-2061,3500,LICENSED PRACTICAL & LICENSED VOCATIONAL NURSES
669,MEDICAL RECORDS ADMINISTRATION,1,3,29-2071,29-2071,3510,MEDICAL RECORDS & HEALTH INFORMATION TECHNICIANS
675,MEDICAL RECORDS TECHNICIAN,1,3,29-2071,29-2071,3510,MEDICAL RECORDS & HEALTH INFORMATION TECHNICIANS
649,MEDICAL INSTRUMENT TECHNICIAN,1,3,29-2090,29-2090,3535,MISCELLANEOUS HEALTH TECHNOLOGISTS & TECHNICIANS
650,MEDICAL TECHNICAL ASSISTANT,1,3,29-2090,29-2090,3535,MISCELLANEOUS HEALTH TECHNOLOGISTS & TECHNICIANS
667,ORTHOTIST & PROSTHETIST,1,3,29-2090,29-2090,3535,MISCELLANEOUS HEALTH TECHNOLOGISTS & TECHNICIANS
672,PROSTHETIC REPRESENTATIVE,1,3,29-2090,29-2090,3535,MISCELLANEOUS HEALTH TECHNOLOGISTS & TECHNICIANS
698,ENVIRONMENTAL HEALTH TECHNICIAN,1,3,29-2090,29-2090,3535,MISCELLANEOUS HEALTH TECHNOLOGISTS & TECHNICIANS
18,SAFETY & OCCUPATIONAL HEALTH MANAGEMENT,1,3,29-9000,29-9000,3540,OTHER HEALTHCARE PRACTITIONERS & TECHNICAL OCCUPATIONS
19,SAFETY TECHNICIAN,1,3,29-9000,29-9000,3540,OTHER HEALTHCARE PRACTITIONERS & TECHNICAL OCCUPATIONS
685,PUBLIC HEALTH PROGRAM SPECIALIST,1,2,29-9000,29-9000,3540,OTHER HEALTHCARE PRACTITIONERS & TECHNICAL OCCUPATIONS
688,SANITARIAN,1,3,29-9000,29-9000,3540,OTHER HEALTHCARE PRACTITIONERS & TECHNICAL OCCUPATIONS
690,INDUSTRIAL HYGIENE,1,3,29-9000,29-9000,3540,OTHER HEALTHCARE PRACTITIONERS & TECHNICAL OCCUPATIONS
696,CONSUMER SAFETY ,1,3,29-9000,29-9000,3540,OTHER HEALTHCARE PRACTITIONERS & TECHNICAL OCCUPATIONS
699,MEDICAL & HEALTH STUDENT TRAINEE,1,2*,29-9000,29-9000,3540,OTHER HEALTHCARE PRACTITIONERS & TECHNICAL OCCUPATIONS
621,NURSING ASSISTANT,1,9,31-1010,31-1010,3600,"NURSING, PSYCHIATRIC, & HOME HEALTH AIDES"
681,DENTAL ASSISTANT,1,3,31-9091,31-9091,3640,DENTAL ASSISTANTS
704,ANIMAL HEALTH TECHNICIAN,1,3,31-9096,31-9096,3648,VETERINARY ASSISTANTS & LABORATORY ANIMAL CARETAKERS
6,CORRECTIONAL INSTITUTION ADMINISTRATION,1,9,33-1011,33-1011,3700,FIRST-LINE SUPERVISORS OF CORRECTIONAL OFFICERS
81,FIRE PROTECTION & PREVENTION,1,9,33-2011,33-2011,3740,FIREFIGHTERS
7,CORRECTIONAL OFFICER,1,9,33-3010,33-3010,3800,"BAILIFFS, CORRECTIONAL OFFICERS, & JAILERS"
82,UNITED STATES MARSHAL ,1,9,33-3021,33-3021,3820,DETECTIVES & CRIMINAL INVESTIGATORS
1805,INVESTIGATIVE ANALYSIS,1,5,33-3021,33-3021,3820,DETECTIVES & CRIMINAL INVESTIGATORS
1810,GENERAL INVESTIGATING,1,9,33-3021,33-3021,3820,DETECTIVES & CRIMINAL INVESTIGATORS
1811,CRIMINAL INVESTIGATING,1,9,33-3021,33-3021,3820,DETECTIVES & CRIMINAL INVESTIGATORS
1881,CUSTOMS & BORDER PROTECTION INTERDICTION,1,9,33-3021,33-3021,3820,DETECTIVES & CRIMINAL INVESTIGATORS
83,POLICE ,1,9,33-3050,33-3050,3850,POLICE OFFICERS
1896,BORDER PATROL ENFORCEMENT,1,9,33-3050#,33-3050,3850,POLICE OFFICERS
85,SECURITY GUARD ,1,9,33-9030,33-9030,3930,SECURITY GUARDS & GAMING SURVEILLANCE OFFICERS
1667,FOOD SERVICES,1,9,35-1012,35-1012,4010,FIRST-LINE SUPERVISORS OF FOOD PREPARATION & SERVING WORKERS
7404,COOKING,1,9,35-2010,35-2010,4020,COOKS
7405,BARTENDING ,1,9,35-3011,35-3011,4040,BARTENDERS
7420,WAITER,1,9,35-3031,35-3031,4110,WAITERS & WAITRESSES
673,HOSPITAL HOUSEKEEPING MANAGEMENT,1,9,37-1011,37-1011,4200,FIRST-LINE SUPERVISORS OF HOUSEKEEPING & JANITORIAL WORKERS#
5026,PEST CONTROLLING ,1,6*,37-2021,37-2021,4240,PEST CONTROL WORKERS
4754,CEMETERY CARETAKING,1,8,37-3010,37-3010,4250,GROUNDS MAINTENANCE WORKERS
5042,TREE TRIMMING & REMOVING,1,8,37-3010,37-3010,4250,GROUNDS MAINTENANCE WORKERS
5048,ANIMAL CARETAKING ,1,8*,39-2021,39-2021,4350,NONFARM ANIMAL CARETAKERS
3910,MOTION PICTURE PROJECTION,1,9,39-3021,39-3021,4410,MOTION PICTURE PROJECTIONISTS
7603,BARBERING,1,9,39-5011,39-5011,4500,BARBERS
90,GUIDE,1,9,39-7010,39-7010,4540,TOUR & TRAVEL GUIDES
23,OUTDOOR RECREATION PLANNING,1,9,39-9030,39-9030,4620,RECREATION & FITNESS WORKERS
188,RECREATION SPECIALIST,1,9,39-9030,39-9030,4620,RECREATION & FITNESS WORKERS
189,RECREATION AID & ASSISTANT,1,9,39-9030,39-9030,4620,RECREATION & FITNESS WORKERS
7601,GENERAL PERSONAL SERVICES,1,9,39-9099,39-9099,4650,"PERSONAL CARE & SERVICE WORKERS, ALL OTHER"
530,CASH PROCESSING ,1,4,41-2010,41-2010,4720,CASHIERS
2091,SALES STORE CLERICAL ,1,4,41-2031,41-2031,4760,RETAIL SALESPERSONS
11,BOND SALES PROMOTION ,1,4,41-3031,41-3031,4820,"SECURITIES, COMMODITIES, & FINANCIAL SERVICES SALES AGENTS"
1170,REALTY ,1,4,41-9020#,41-9020,4920#,REAL ESTATE BROKERS AND SALES AGENTS#
313,WORK UNIT SUPERVISING ,1,5,43-1011,43-1011,5000,FIRST-LINE SUPERVISORS OF OFFICE & ADMINISTRATIVE SUPPORT WORKERS
382,TELEPHONE OPERATING ,1,5,43-2021,43-2021,5020,TELEPHONE OPERATORS
390,TELECOMMUNICATIONS PROCESSING,1,5,43-2099,43-2099,5030,"COMMUNICATIONS EQUIPMENT OPERATORS, ALL OTHER"
392,GENERAL TELECOMMUNICATIONS,1,5,43-2099,43-2099,5030,"COMMUNICATIONS EQUIPMENT OPERATORS, ALL OTHERS"
394,COMMUNICATIONS CLERICAL ,1,5,43-2099,43-2099,5030,"COMMUNICATIONS EQUIPMENT OPERATORS, ALL OTHER"
503,FINANCIAL CLERICAL & TECHNICIAN,1,5,43-3031,43-3031,5120,"BOOKKEEPING, ACCOUNTING, & AUDITING CLERKS"
525,ACCOUNTING TECHNICIAN ,1,5,43-3031,43-3031,5120,"BOOKKEEPING, ACCOUNTING, & AUDITING CLERKS"
540,VOUCHER EXAMINING,1,5,43-3031,43-3031,5120,"BOOKKEEPING, ACCOUNTING, & AUDITING CLERKS"
561,BUDGET CLERICAL & ASSISTANCE,1,5,43-3031,43-3031,5120,"BOOKKEEPING, ACCOUNTING, & AUDITING CLERKS"
544,CIVILIAN PAY,1,5,43-3051,43-3051,5140,PAYROLL & TIMEKEEPING CLERKS
545,MILITARY PAY,1,5,43-3051,43-3051,5140,PAYROLL & TIMEKEEPING CLERKS
1106,PROCUREMENT CLERICAL & TECHNICIAN,1,5,43-3061,43-3061,5150,PROCUREMENT CLERKS
2005,SUPPLY CLERICAL & TECHNICIAN,1,5,43-3061,43-3061,5150,PROCUREMENT CLERKS
187,SOCIAL SERVICES,1,2,43-4061,43-4061,5250,"ELIGIBILITY INTERVIEWERS, GOVERNMENT PROGRAMS "
962,CONTACT REPRESENTATIVE,1,5*,43-4061,43-4061,5250,"ELIGIBILITY INTERVIEWERS, GOVERNMENT PROGRAMS "
203,HUMAN RESOURCES ASSISTANCE ,1,5,43-4161,43-4161,5360,"HUMAN RESOURCES ASSISTANTS, EXCEPT PAYROLL AND TIEMKEEPING"
304,INFORMATION RECEPTIONIST ,1,5,43-4171,43-4171,5400,RECEPTIONISTS & INFORMATION CLERKS
679,MEDICAL SUPPORT ASSISTANCE ,1,5,43-4199,43-4199,5420,"INFORMATION & RECORD CLERKS, ALL OTHER "
2131,FREIGHT RATE,1,5,43-5011,43-5011,5500,CARGO & FREIGHT AGENTS
2144,CARGO SCHEDULING ,1,5,43-5011,43-5011,5500,CARGO & FREIGHT AGENTS
2161,MARINE CARGO,1,5,43-5011,43-5011,5500,CARGO & FREIGHT AGENTS
302,MESSENGER ,1,5,43-5021,43-5021,5510,COURIERS & MESSENGERS
2151,DISPATCHING,1,5,43-5030,43-5030,5520,DISPATCHERS
6901,GENERAL WAREHOUSING & STOCK HANDLING,1,7*,43-5061,43-5061,5600,"PRODUCTION, PLANNING, & EXPEDITING CLERKS"
6910,MATERIALS EXPEDITING ,1,5,43-5061,43-5061,5600,"PRODUCTION, PLANNING, & EXPEDITING CLERKS"
622,MEDICAL SUPPLY AIDE & TECHNICIAN,1,5,43-5081,43-5081,5620,STOCK CLERKS & ORDER FILLERS
6904,TOOLS & PARTS ATTENDING ,1,5,43-5081,43-5081,5620,STOCK CLERKS & ORDER FILLERS
6912,MATERIALS EXAMINING & IDENTIFYING,1,8*,43-5081,43-5081,5620,STOCK CLERKS & ORDER FILLERS
6914,STORE WORKING ,1,5,43-5081,43-5081,5620,STOCK CLERKS & ORDER FILLERS
5485,AIRCRAFT WEIGHT & BALANCE OPERATING (Series Discontinued),1,7,43-5111,43-5111,5630,"WEIGHERS, MEASURERS, CHECKERS, & SAMPLERS, RECORDKEEPING"
318,SECRETARY ,1,5,43-6010,43-6010,5700,SECRETARIES & ADMINISTRATIVE ASSISTANTS
332,COMPUTER OPERATION,1,5,43-9011,43-9011,5800,COMPUTER OPERATORS
335,COMPUTER CLERK & ASSISTANT ,1,5*,43-9011,43-9011,5800,COMPUTER OPERATORS
2203,COMPUTER OPERATOR,1,5**,43-9011,43-9011,5800,COMPUTER OPERATORS
356,DATA TRANSCRIBER,1,5,43-9021,43-9021,5810,DATA ENTRY KEYERS
322,CLERK-TYPIST,1,5,43-9022,43-9022,5820,WORD PROCESSORS & TYPISTS
326,OFFICE AUTOMATION CLERICAL & ASSISTANCE,1,5,43-9022,43-9022,5820,WORD PROCESSORS & TYPISTS
593,INSURANCE ACCOUNTS (Series Discontinued),1,5,43-9041,43-9041,5840,INSURANCE CLAIMS & POLICY PROCESSING CLERKS
305,MAIL & FILE ,1,5,43-9051,43-9051,5850,"MAIL CLERKS & MAIL MACHINE OPERATORS, EXCEPT POSTAL SERVICE"
350,EQUIPMENT OPERATOR,1,5,43-9071,43-9071,5900,"OFFICE MACHINE OPERATORS, EXCEPT COMPUTERS"
1087,EDITORIAL ASSISTANCE ,1,2*,43-9081,43-9081,5910,PROOFREADERS & COPY MARKERS
1531,STATISTICAL ASSISTANT,1,5,43-9111,43-9111,5920,STATISTICAL ASSISTANTS
1850,AGRICULTURAL WAREHOUSE INSPECTION,1,3*,45-2011,45-2011,6010,AGRICULTURAL INSPECTORS
1863,FOOD INSPECTION,1,3*,45-2011,45-2011,6010,AGRICULTURAL INSPECTORS
1980,AGRICULTURAL COMMODITY GRADING ,1,8,45-2041,45-2041,6040,"GRADERS & SORTERS, AGRICULTURAL PRODUCTS"
1981,AGRICULTURAL COMMODITY AID ,1,8,45-2041,45-2041,6040,"GRADERS & SORTERS, AGRICULTURAL PRODUCTS"
3808,BOILERMAKING,1,6,47-2011,47-2011,6210,BOILERMAKERS
3603,MASONRY,1,6,47-2020,47-2020,6220,"BRICKMASONS, BLOCKMASONS & STONEMASONS"
4607,CARPENTRY,1,6,47-2031,47-2031,6230,CARPENTERS
5220,SHIPWRIGHT ,1,6,47-2031,47-2031,6230,CARPENTERS
3604,TILE SETTING ,1,6,47-2040,47-2040,6240,"CARPET, FLOOR & TILE INSTALLERS & FINISHERS"
3601,GENERAL STRUCTURAL & FINISHING WORK,1,6,47-2050,47-2050,6250,"CEMENT MASONS, CONCRETE FINISHERS, & TERRAZZO WORKERS"
3602,CEMENT FINISHING,1,6,47-2050,47-2050,6250,"CEMENT MASONS, CONCRETE FINISHERS, & TERRAZZO WORKERS"
2805,ELECTRICIAN,1,6,47-2111,47-2111,6355,ELECTRICIANS
3610,INSULATING,1,6,47-2130,47-2130,6400,INSULATION WORKERS
4101,MISCELLANEOUS PAINTING & PAPER HANGING,1,6,47-2141,47-2141,6420,"PAINTERS, CONSTRUCTION & MAINTENANCE"
4102,PAINTING,1,6,47-2141,47-2141,6420,"PAINTERS, CONSTRUCTION & MAINTENANCE"
4201,GENERAL PLUMBING AND PIPEFITTING,1,6,47-2150,47-2150,6440,"PIPELAYERS, PLUMBERS, PIPEFITTERS & STEAMFITTERS"
4204,PIPEFITTING,1,6,47-2150,47-2150,6440,"PIPELAYERS, PLUMBERS, PIPEFITTERS & STEAMFITTERS"
4206,PLUMBING ,1,6,47-2150,47-2150,6440,"PIPELAYERS, PLUMBERS, PIPEFITTERS & STEAMFITTERS"
3605,PLASTERING ,1,6,47-2161,47-2161,6460,PLASTERERS & STUCCO MASONS
3606,ROOFING ,1,6,47-2181,47-2181,6515,ROOFERS
3801,GENERAL METAL WORK,1,7,47-2211,47-2211,6520,SHEET METAL WORKERS
3806,SHEET METAL MECHANIC,1,6,47-2211,47-2211,6520,SHEET METAL WORKERS
809,CONSTRUCTION CONTROL TECHNICAL,1,2*,47-4011,47-4011,6660,CONSTRUCTION & BUILDING INSPECTORS
5313,ELEVATOR MECHANIC,1,6,47-4021,47-4021,6700,ELEVATOR INSTALLERS & REPAIRERS
84,NUCLEAR MATERIALS COURIER,1,6*,47-4041,47-4041,6720,HAZARDOUS MATERIALS REMOVAL WORKERS
6913,HAZARDOUS WASTE DISPOSING,1,6*,47-4041,47-4041,6720,HAZARDOUS MATERIALS REMOVAL WORKERS
3546,RAILROAD REPAIRING,1,6,47-4061,47-4061,6740,RAIL-TRACK LAYING & MAINTENANCE EQUIPMENT OPERATORS
17,EXPLOSIVES SAFETY ,1,6*,47-5031,47-5031,6830,"EXPLOSIVES WORKERS, ORDNANCE HANDLING EXPERTS, & BLASTERS"
6501,"GENERAL AMMUNITION, EXPLOSIVES, & TOXIC MATERIALS WORK",1,6,47-5031,47-5031,6830,"EXPLOSIVES WORKERS, ORDNANCE HANDLING EXPERTS, & BLASTERS"
6502,EXPLOSIVES OPERATING,1,6,47-5031,47-5031,6830,"EXPLOSIVES WORKERS, ORDNANCE HANDLING EXPERTS, & BLASTERS"
6505,MUNITIONS DESTROYING ,1,6,47-5031,47-5031,6830,"EXPLOSIVES WORKERS, ORDNANCE HANDLING EXPERTS, & BLASTERS"
6517,EXPLOSIVES TEST OPERATING (Series Discontinued),1,6,47-5031,47-5031,6830,"EXPLOSIVES WORKERS, ORDNANCE HANDLING EXPERTS, & BLASTERS"
6601,GENERAL ARMAMENT WORK ,1,6,47-5031,47-5031,6830,"EXPLOSIVES WORKERS, ORDNANCE HANDLING EXPERTS, & BLASTERS#"
2204,COMPUTER TECHNICIAN,1,3**,49-2011,49-2011,7010,"COMPUTER, AUTOMATED TELLER, & OFFICE MACHINE REPAIRERS "
2608,ELECTRONIC DIGITAL COMPUTER MECHANIC,1,3*,49-2011,49-2011,7010,"COMPUTER, AUTOMATED TELLER, & OFFICE MACHINE REPAIRERS "
2502,TELECOMMUNICATIONS MECHANIC,1,6,49-2020,49-2020,7020,RADIO & TELECOMMUNICATIONS EQUIPMENT INSTALLERS & REPAIRERS
2892,AIRCRAFT ELECTRICIAN,1,6,49-2091,49-2091,7030,AVIONICS TECHNICIANS
2854,ELECTRICAL EQUIPMENT REPAIRING,1,6,49-2092,49-2092,7040,"ELECTRIC MOTOR, POWER TOOL, & RELATED REPAIRERS"
2185,AIRCREW TECHNICIAN,1,6,49-3011,49-3011,7140,AIRCRAFT MECHANICS & SERVICE TECHNICIANS
6652,AIRCRAFT ORDNANCE SYSTEM MECHANIC,1,6,49-3011,49-3011,7140,AIRCRAFT MECHANICS & SERVICE TECHNICIANS
8601,GENERAL ENGINE OVERHAUL,1,6,49-3011,49-3011,7140,AIRCRAFT MECHANICS & SERVICE TECHNICIANS
8602,AIRCRAFT ENGINE MECHANIC,1,6,49-3011,49-3011,7140,AIRCRAFT MECHANICS & SERVICE TECHNICIANS
8801,GENERAL AIRCRAFT OVERHAUL,1,6,49-3011,49-3011,7140,AIRCRAFT MECHANICS & SERVICE TECHNICIANS
8810,AIRCRAFT PROPELLER MECHANIC ,1,6,49-3011,49-3011,7140,AIRCRAFT MECHANICS & SERVICE TECHNICIANS
8840,AIRCRAFT MECHANICAL PARTS REPAIRING,1,6,49-3011,49-3011,7140,AIRCRAFT MECHANICS & SERVICE TECHNICIANS
8852,AIRCRAFT MECHANIC ,1,6,49-3011,49-3011,7140,AIRCRAFT MECHANICS & SERVICE TECHNICIANS
3809,MOBILE EQUIPMENT METAL MECHANIC,1,6,49-3021,49-3021,7150,AUTOMOTIVE BODY & RELATED REPAIRERS
5801,GENERAL TRANSPORTATION/MOBILE EQUIPMENT MAINTENANCE,1,6,49-3023,49-3023,7200,AUTOMOTIVE SERVICE TECHNICIANS & MECHANICS
5823,AUTOMOTIVE MECHANIC,1,6,49-3023,49-3023,7200,AUTOMOTIVE SERVICE TECHNICIANS & MECHANICS#
5378,POWERED SUPPORT SYSTEMS MECHANIC ,1,6,49-3040,49-3040,7220,HEAVY VEHICLE & MOBILE EQUIPMENT SERVICE TECHNICIANS & MECHANICS
5803,HEAVY MOBILE EQUIPMENT MECHANIC,1,6,49-3040,49-3040,7220,HEAVY VEHICLE & MOBILE EQUIPMENT SERVICE TECHNICIANS & MECHANICS
5876,ELECTROMOTIVE EQUIPMENT MECHANIC,1,6,49-3040,49-3040,7220,HEAVY VEHICLE & MOBILE EQUIPMENT SERVICE TECHNICIANS & MECHANICS
6641,ORDNANCE EQUIPMENT MECHANIC,1,6,49-3040,49-3040,7220,HEAVY VEHICLE & MOBILE EQUIPMENT SERVICE TECHNICIANS & MECHANICS
8610,SMALL ENGINE MECHANIC ,1,6,49-3050,49-3050,7240,SMALL ENGINE MECHANICS
5301,GENERAL INDUSTRIAL EQUIPMENT MAINTENANCE,1,6,49-3090,49-3090,7260,"MISCELLANEOUS VEHICLE & MOBILE EQUIPMENT MECHANICS, INSTALLERS & REPAIRERS"
8201,GENERAL FLUID SYSTEMS MAINTENANCE,1,6,49-9010,49-9010,7300,CONTROL & VALVE INSTALLERS & REPAIRERS
8255,PNEUDRAULIC SYSTEMS MECHANIC ,1,6,49-9010,49-9010,7300,CONTROL & VALVE INSTALLERS & REPAIRERS
8268,AIRCRAFT PNEUDRAULIC SYSTEMS MECHANIC,1,6,49-9010,49-9010,7300,CONTROL & VALVE INSTALLERS & REPAIRERS
357,CODING (Series Discontinued),1,5,49-9021,49-9021,5810,DATA ENTRY KEYERS
5306,AIR CONDITIONING EQUIPMENT MECHANIC,1,6,49-9021,49-9021,7315,"HEATING, AIR CONDITIONING & REFRIGERATION MECHANICS & INSTALLERS"
5309,HEATING & BOILER PLANT EQUIPMENT MECHANIC ,1,6,49-9021,49-9021,7315,"HEATING, AIR CONDITIONING & REFRIGERATION MECHANICS & INSTALLERS"
4855,DOMESTIC APPLIANCE REPAIRING,1,6,49-9031,49-9031,7320,HOME APPLIANCE REPAIRERS
5323,OILING & GREASING ,1,6,49-9043,49-9043,7350,"MAINTENANCE WORKERS, MACHINERY"
2810,ELECTRICIAN (HIGH VOLTAGE),1,6,49-9051,49-9051,7410,ELECTRICAL POWER-LINE INSTALLERS & REPAIRERS
2501,GENERAL WIRE COMMUNICATIONS EQUIPMENT INSTALLATION & MAINTENANCE,1,6,49-9052,49-9052,7420,TELECOMMUNICATIONS LINE INSTALLERS & REPAIRERS
2504,WIRE COMMUNICATIONS CABLE SPLICING,1,6,49-9052,49-9052,7420,TELECOMMUNICATIONS LINE INSTALLERS & REPAIRERS
2508,COMMUNICATIONS LINE INSTALLING & REPAIRING (Series Discontinued),1,6,49-9052,49-9052,7420,TELECOMMUNICATIONS LINE INSTALLERS & REPAIRERS
2601,GENERAL ELECTRONIC EQUIPMENT IN INSTALLATION & MAINTENANCE,1,6,49-9052,49-9052,7420,TELECOMMUNICATIONS LINE INSTALLERS & REPAIRERS
3301,GENERAL INSTRUMENT WORK,1,6,49-9060,49-9060,7430,PRECISION INSTRUMENT & EQUIPMENT REPAIRERS
3306,OPTICAL INSTRUMENT REPAIRING,1,6,49-9060,49-9060,7430,PRECISION INSTRUMENT & EQUIPMENT REPAIRERS
3359,INSTRUMENT MECHANIC,1,6,49-9060,49-9060,7430,PRECISION INSTRUMENT & EQUIPMENT REPAIRERS
3378,PRECISION MEASUREMENT EQUIPMENT CALIBRATING,1,6,49-9060,49-9060,7430,PRECISION INSTRUMENT & EQUIPMENT REPAIRERS
4745,RESEARCH LABORATORY MECHANIC,1,6,49-9060,49-9060,7430,PRECISION INSTRUMENT & EQUIPMENT REPAIRERS
4805,MEDICAL EQUIPMENT REPAIRING,1,6,49-9060,49-9060,7430,PRECISION INSTRUMENT & EQUIPMENT REPAIRERS
4818,AIRCRAFT SURVIVAL FLIGHT EQUIPMENT REPAIRING,1,6,49-9060,49-9060,7430,PRECISION INSTRUMENT & EQUIPMENT REPAIRERS
4850,BEARING RECONDITIONING,1,6,49-9060,49-9060,7430,PRECISION INSTRUMENT & EQUIPMENT REPAIRERS
6605,ARTILLERY REPAIRING,1,6,49-9060,49-9060,7430,PRECISION INSTRUMENT & EQUIPMENT REPAIRERS
2602,ELECTRONIC MEASUREMENT EQUIPMENT MECHANIC,1,6,49-9060#,49-9060,7430,PRECISION INSTRUMENT & EQUIPMENT REPAIRERS
4801,GENERAL EQUIPMENT MAINTENANCE,1,6,49-9071,49-9071,7340,"MAINTENANCE & REPAIR WORKERS, GENERAL"
3725,BATTERY REPAIRING,1,6,49-9071#,49-9071,7340,"MAINTENANCE & REPAIR WORKERS, GENERAL"
4749,MAINTENANCE MECHANIC,1,6,49-9071#,49-9071,7340,"MAINTENANCE & REPAIR WORKERS, GENERAL"
5310,KITCHEN/BAKERY EQUIPMENT REPAIRING (Series Discontinued),1,6,49-9071#,49-9071,7340,"MAINTENANCE & REPAIR WORKERS, GENERAL"
5318,LOCK & DAM REPAIRING ,1,6,49-9071#,49-9071,7340,"MAINTENANCE & REPAIR WORKERS, GENERAL"
4820,VENDING MACHINE REPAIRING (Series Discontinued),1,6,49-9091,49-9091,7510,"COIN, VENDING & AMUSEMENT MACHINE SERVICERS & REPAIRERS#"
4804,LOCKSMITHING,1,6,49-9094,49-9094,7540,LOCKSMITHS & SAFE REPAIRERS
5210,RIGGING ,1,6,49-9096,49-9096,7560,RIGGERS
7402,BAKING,1,6*,51-3011,51-3011,7800,BAKERS
7407,MEATCUTTING,1,7,51-3020,51-3020,7810,"BUTCHERS & OTHER MEAT, POULTRY, & FISH PROCESSING WORKERS"
3872,"METAL TUBE MAKING, INSTALLING & REPAIRING (Series Discontinued)",1,7,51-4021,51-4021,7920,"EXTRUDING & DRAWING MACHINE SETTERS, OPERATORS, & TENDERS, METAL & PLASTIC"
3802,METAL FORGING,1,7,51-4022,51-4022,7930,"FORGING MACHINE SETTERS, OPERATORS, & TENDERS, METAL & PLASTIC"
3869,METAL FORMING MACHINE OPERATING,1,7,51-4022,51-4022,7930,"FORGING MACHINE SETTERS, OPERATORS, & TENDERS, METAL & PLASTIC"
3727,BUFFING & POLISHING,1,7,51-4033,51-4033,8000,"GRINDING, LAPPING, POLISHING & BUFFING MACHINE TOOL SETTERS, OPERATORS & TENDERS, METAL & PLASTIC"
3401,GENERAL MACHINE TOOL WORK,1,6*,51-4041,51-4041,8030,MACHINISTS
3414,MACHINING,1,6*,51-4041,51-4041,8030,MACHINISTS
4714,MODEL MAKING,1,6*,51-4060,51-4060,8060,"MODEL MAKERS & PATTERNMAKERS, METAL & PLASTIC"
4715,EXHIBITS MAKING/MODELING,1,7,51-4060,51-4060,8060,"MODEL MAKERS & PATTERNMAKERS, METAL & PLASTIC"
5221,LOFTING ,1,6*,51-4060,51-4060,8060,"MODEL MAKERS & PATTERNMAKERS, METAL & PLASTIC"
4352,PLASTIC FABRICATING,1,7,51-4070,51-4070,8100,"MOLDERS & MOLDING MACHINE SETTERS, OPERATORS, & TENDERS, METAL & PLASTIC"
4373,MOLDING,1,7,51-4070,51-4070,8100,"MOLDERS & MOLDING MACHINE SETTERS, OPERATORS, & TENDERS, METAL & PLASTIC"
3416,TOOLMAKING,1,6*,51-4111,51-4111,8130,TOOL & DIE MAKERS
3428,DIE SINKING,1,6*,51-4111,51-4111,8130,TOOL & DIE MAKERS
3703,WELDERS,1,7,51-4120,51-4120,8140,"WELDING, SOLDERING, & BRAZING WORKERS"
3858,METAL TANK & RADIATOR REPAIRING (Series Discontinued),1,7*,51-4120,51-4120,8140,"WELDING, SOLDERING & BRAZING WORKERS"
3712,HEAT TREATING,1,7,51-4191,51-4191,8150,"HEAT TREATING EQUIPMENT SETTERS, OPERATORS, & TENDERS, METAL & PLASTIC"
3701,GENERAL METAL PROCESSING,1,7,51-4193,51-4193,8200,"PLATING & COATING MACHINE SETTERS, OPERATORS, & TENDERS, METAL & PLASTIC"
3707,METALIZING,1,7,51-4193,51-4193,8200,"PLATING & COATING MACHINE SETTERS, OPERATORS, & TENDERS, METAL & PLASTIC"
3711,ELECTROPLATING ,1,7,51-4193,51-4193,8200,"PLATING & COATING MACHINE SETTERS, OPERATORS, & TENDERS, METAL & PLASTIC"
4840,TOOL & EQUIPMENT REPAIRING,1,6,51-4194,51-4194,8210,"TOOL GRINDERS, FILERS & SHARPENERS"
4403,HAND COMPOSING ,1,7,51-5111,51-5111,8250,PREPRESS TECHNICIANS & WORKERS
4413,NEGATIVE ENGRAVING (Series Discontinued),1,7,51-5111,51-5111,8250,PREPRESS TECHNICIANS & WORKERS
4414,OFFSET PHOTOGRAPHY (Series Discontinued),1,7,51-5111,51-5111,8250,PREPRESS TECHNICIANS & WORKERS
4416,OFFSET PLATEMAKING,1,7,51-5111,51-5111,8250,PREPRESS TECHNICIANS & WORKERS
4449,ELECTROLYTIC INTAGLIO PRINTMAKING,1,7,51-5111,51-5111,8250,PREPRESS TECHNICIANS & WORKERS
4401,GENERAL PRINTING,1,7,51-5112,51-5112,8255,PRINTING PRESS OPERATORS
4406,LETTERPRESS OPERATING,1,7,51-5112,51-5112,8255,PRINTING PRESS OPERATORS
4454,INTAGLIO PRESS OPERATING ,1,7,51-5112,51-5112,8255,PRINTING PRESS OPERATORS#
4417,OFFSET PRESS OPERATING,1,7,51-5112#,51-5112,8255,PRINTING PRESS OPERATORS
4402,BINDERY WORKING,1,7,51-5113,51-5113,8256,PRINT BINDING & FINISHING WORKERS
4441,BOOKBINDING,1,7,51-5113,51-5113,8256,PRINT BINDING & FINISHING WORKERS
7301,"GENERAL LAUNDRY, DRY CLEANING, & PRESSING",1,8*,51-6011,51-6011,8300,LAUNDRY & DRY CLEANING WORKERS
7304,LAUNDRY WORKING ,1,8*,51-6011,51-6011,8300,LAUNDRY & DRY CLEANING WORKERS
7305,LAUNDRY MACHINE OPERATING ,1,8*,51-6011,51-6011,8300,LAUNDRY & DRY CLEANING WORKERS
3111,SEWING MACHINE OPERATING,1,7,51-6031#,51-6031,8320#,SEWING MACHINE OPERATORS#
3106,UPHOLSTERING ,1,7,51-6093,51-6093,8450,UPHOLSTERERS
4605,WOOD CRAFTING,1,6*,51-7011,51-7011,8500,CABINETMAKERS & BENCH CARPENTERS
4701,GENERAL MAINTENANCE & OPERATIONS WORK ,1,6,51-8010,51-8010,8600,"POWER PLANT OPERATORS, DISTRIBUTORS & DISPATCHERS"
5407,ELECTRIC POWER CONTROLLING ,1,7,51-8010,51-8010,8600,"POWER PLANT OPERATORS, DISTRIBUTORS, & DISPATCHERS"
5402,BOILER PLANT OPERATING ,1,7,51-8021,51-8021,8610,STATIONARY ENGINEERS & BOILER OPERATORS
5406,UTILITY SYSTEMS OPERATING,1,7,51-8021,51-8021,8610,STATIONARY ENGINEERS & BOILER OPERATORS
5415,AIR CONDITIONING EQUIPMENT OPERATING,1,7,51-8021,51-8021,8610,STATIONARY ENGINEERS & BOILER OPERATORS
5419,STATIONARY-ENGINE OPERATING,1,7,51-8021,51-8021,8610,STATIONARY ENGINEERS & BOILER OPERATORS
5408,WASTEWATER DISPOSAL PLANT OPERATING,1,7,51-8031,51-8031,8620,WATER & WASTEWATER TREATMENT PLANT & SYSTEM OPERATORS#
5409,WATER TREATMENT PLANT OPERATING,1,7,51-8031,51-8031,8620,WATER & WASTEWATER TREATMENT PLANT & SYSTEM OPERATORS#
1654,PRINTING SERVICES,1,2,11-Nov,51-8090,100,ADMINISTRATIVE SERVICES MANAGERS
1658,LAUNDRY OPERATIONS SERVICES,1,7,51-8090,51-8090,8630,MISCELLANEOUS PLANT & SYSTEM OPERATORS
4742,UTILITY SYSTEMS REPAIRING-OPERATING,1,7,51-8090,51-8090,8630,MISCELLANEOUS PLANT & SYSTEM OPERATORS
5413,FUEL DISTRIBUTION SYSTEM OPERATING,1,7,51-8090,51-8090,8630,MISCELLANEOUS PLANT & SYSTEM OPERATORS
5427,CHEMICAL PLANT OPERATING (Series Discontinued),1,7,51-8090,51-8090,8630,MISCELLANEOUS PLANT & SYSTEM OPERATORS
5401,GENERAL INDUSTRIAL EQUIPMENT OPERATION,1,7,51-8090#,51-8090,8630,MISCELLANEOUS PLANT & SYSTEM OPERATORS
1999,QUALITY INSPECTION STUDENT TRAINEE,1,3*,51-9061,51-9061,8740,"INSPECTORS, TESTERS, SORTERS, SAMPLERS, & WEIGHERS"
3513,COIN/CURRENCY CHECKING,1,7,51-9061,51-9061,8740,"INSPECTORS, TESTERS, SORTERS, SAMPLERS, & WEIGHERS"
3705,NONDESTRUCTIVE TESTING,1,7,51-9061,51-9061,8740,"INSPECTORS, TESTERS, SORTERS, SAMPLERS, & WEIGHERS"
5205,GAS & RADIATION DETECTING ,1,7*,51-9061,51-9061,8740,"INSPECTORS, TESTERS, SORTERS, SAMPLERS, & WEIGHERS"
5439,TESTING EQUIPMENT OPERATING (Series Discontinued),1,7,51-9061,51-9061,8740,"INSPECTORS, TESTERS, SORTERS, SAMPLERS, & WEIGHERS"
683,DENTAL LABORATORY AID & TECHNICIAN,1,3*,51-9080,51-9080,8760,"MEDICAL, DENTAL, & OPHTHALMIC LABORATORY TECHNICIANS"
4001,GENERAL LENS & CRYSTAL WORK,1,7,51-9080,51-9080,8760,"MEDICAL, DENTAL, & OPHTHALMIC LABORATORY TECHNICIANS"
4010,PRESCRIPTION EYEGLASS MAKING,1,7,51-9080,51-9080,8760,"MEDICAL, DENTAL, & OPHTHALMIC LABORATORY TECHNICIANS"
5440,PACKAGING MACHINE OPERATING,1,7,51-9111,51-9111,8800,PACKAGING & FILLING MACHINE OPERATORS & TENDERS
4104,SIGN PAINTING,1,7,51-9120,51-9120,8810,PAINTING WORKERS
9001,GENERAL FILM PROCESSING,1,3,51-9151,51-9151,8830,PHOTOGRAPHIC PROCESS WORKERS & PROCESSING MACHINE OPERATORS
9003,FILM ASSEMBLING & REPAIRING ,1,7,51-9151,51-9151,8830,PHOTOGRAPHIC PROCESS WORKERS & PROCESSING MACHINE OPERATORS
9004,MOTION PICTURE DEVELOPING/PRINTING MACHINE OPERATING (Series Discontinued),1,7,51-9151,51-9151,8830,PHOTOGRAPHIC PROCESS WORKERS & PROCESSING MACHINE OPERATORS
3816,ENGRAVING (Series Discontinued),1,7,51-9194,51-9194,8910,ETCHERS & ENGRAVERS
4301,GENERAL PLIABLE MATERIALS WORK,1,7,51-9195#,51-9195,8920,"MOLDERS, SHAPERS & CASTERS, EXCEPT METAL AND PLASTIC"
4741,GENERAL EQUIPMENT OPERATING,1,7,51-91XX,51-91XX,8965,"OTHER PRODUCTION WORKERS, INCLUDING SEMICONDUCTOR PROCESSORS AND COOLING AND FREEZING EQUIPMENT OPERATORS#"
5201,GENERAL MISCELLANEOUS OCCUPATIONS,1,7*,51-91XX,51-91XX,8965,"OTHER PRODUCTION WORKERS, INCLUDING SEMICONDUCTOR PROCESSORS AND COOLING AND FREEZING EQUIPMENT OPERATORS#"
7006,PRESERVATION SERVICE ,1,7,51-91XX,51-91XX,8965,"OTHER PRODUCTION WORKERS, INCLUDING SEMICONDUCTOR PROCESSORS AND COOLING AND FREEZING EQUIPMENT OPERATORS#"
2181,AIRCRAFT OPERATION,1,3,53-2010,53-2010,9030,AIRCRAFT PILOTS & FLIGHT ENGINEERS
2183,AIR NAVIGATION,1,3,53-2010,53-2010,9030,AIRCRAFT PILOTS & FLIGHT ENGINEERS
2152,AIR TRAFFIC CONTROL,1,3,53-2020,53-2020,9040,AIR TRAFFIC CONTROLLERS & AIRFIELD OPERATIONS SPECIALISTS
2154,AIR TRAFFIC ASSISTANCE,1,3,53-2020,53-2020,9040,AIR TRAFFIC CONTROLLERS & AIRFIELD OPERATIONS SPECIALISTS
5701,GENERAL TRANSPORTATION/MOBILE EQUIPMENT OPERATION,1,7,53-3099,53-3099,9150,"MOTOR VEHICLE OPERATORS, ALL OTHER"
5703,MOTOR VEHICLE OPERATING,1,7,53-3099#,53-3099,9150,"MOTOR VEHICLE OPERATORS, ALL OTHER#"
5737,LOCOMOTIVE ENGINEERING ,1,7,53-4010,53-4010,9200,LOCOMOTIVE ENGINEERS & OPERATORS
5738,RAILROAD MAINTENANCE VEHICLE OPERATING,1,7,53-4010,53-4010,9200,LOCOMOTIVE ENGINEERS & OPERATORS
5736,BRAKING-SWITCHING & CONDUCTING,1,7,53-4021,53-4021,9230,"RAILROAD BRAKE, SIGNAL & SWITCH OPERATORS"
5782,SHIP OPERATING ,1,7,53-5020,53-5020,9310,SHIP & BOAT CAPTAINS & OPERATORS
5784,RIVERBOAT OPERATING ,1,7,53-5020,53-5020,9310,SHIP & BOAT CAPTAINS & OPERATORS
5786,SMALL CRAFT OPERATING,1,7,53-5020,53-5020,9310,SHIP & BOAT CAPTAINS & OPERATORS
1825,AVIATION SAFETY,1,3*,53-6051,53-6051,9410,TRANSPORTATION INSPECTORS
5725,CRANE OPERATING,1,7*,53-7021,53-7021,9510,CRANE & TOWER OPERATORS
5716,ENGINEERING EQUIPMENT OPERATING,1,7*,53-7030,53-7030,9520,"DREDGE, EXCAVATING, & LOADING MACHINE OPERATORS"
5767,AIRFIELD CLEARING EQUIPMENT OPERATORS,1,7,53-7030,53-7030,9520,"DREDGE, EXCAVATING, & LOADING MACHINE OPERATORS"
5704,FORK LIFT OPERATING,1,7*,53-7051,53-7051,9600,INDUSTRIAL TRUCK & TRACTOR OPERATORS
5705,TRACTOR OPERATING,1,7*,53-7051,53-7051,9600,INDUSTRIAL TRUCK & TRACTOR OPERATORS
7009,EQUIPMENT CLEANING ,1,7*,53-7061,53-7061,9610,CLEANERS OF VEHICLES & EQUIPMENT
3501,GENERAL SERVICES & SUPPORT WORK,1,8*,53-7062,53-7062,9620,"LABORERS & FREIGHT, STOCK, & MATERIAL MOVERS, HAND"
3502,LABORING,1,8*,53-7062,53-7062,9620,"LABORERS & FREIGHT, STOCK, & MATERIAL MOVERS, HAND"
3515,LABORATORY SUPPORT WORKING,1,3*,53-7062,53-7062,9620,"LABORERS & FREIGHT, STOCK, & MATERIAL HANDLERS, HAND"
7001,GENERAL PACKING & PROCESSING,1,8*,53-7064,53-7064,9640,"PACKERS & PACKAGING, HAND"
7002,PACKING,1,8*,53-7064,53-7064,9640,"PACKERS & PACKAGERS, HAND"